"taxon_id","scientific_name","common_name","origin","lifeform_code","lifeform","counts_as_native_understorey","note"
"415572","Acacia acinacea","Round-leaf Wattle","native","","","Y","not yet classified"
"55345","Acacia baileyana","Cootamundra wattle","introduced","","","N","not yet classified"
"53343","Acacia dealbata","Silver wattle","introduced","","","N","not yet classified"
"61818","Acacia decurrens","Sydney green wattle","native","","","Y","not yet classified"
"321061","Acacia floribunda","Weeping Acacia","native","","","Y","not yet classified"
"430599","Acacia iteaphylla","Flinders Range Wattle","native","","","Y","not yet classified"
"75250","Acacia mearnsii","black wattle","native","","","Y","not yet classified"
"139846","Acacia mitchellii","Mitchell's wattle","native","","","Y","not yet classified"
"1090353","Acacia mucronata × oxycedrus","","native","","","Y","not yet classified"
"244220","Acacia obliquinervia","Mountain Hickory Wattle","native","","","Y","not yet classified"
"321065","Acacia oxycedrus","Spike Wattle","native","","","Y","not yet classified"
"75252","Acacia podalyriifolia","Queensland silver wattle","introduced","","","N","not yet classified"
"399285","Acacia pravissima","Ovens wattle","native","","","Y","not yet classified"
"739822","Acacia provincialis","Wirilda","native","","","Y","not yet classified"
"139880","Acacia ulicifolia","prickly Moses","native","","","Y","not yet classified"
"323244","Acacia verniciflua","Varnish Wattle","native","","","Y","not yet classified"
"57037","Acacia verticillata","Prickly moses","native","","","Y","not yet classified"
"323795","Acaena echinata","Sheep's Burr","native","SPH","Small or prostrate herb","Y","guessed from genus – please check"
"1577693","Acaena × ovina","sheep's bur","native","SPH","Small or prostrate herb","Y","guessed from genus – please check"
"320644","Acianthus caudatus","Mayfly orchid","native","","","Y","not yet classified"
"549968","Acianthus pusillus","small mosquito-orchid","native","","","Y","not yet classified"
"323940","Adiantum aethiopicum","common maidenhair fern","native","","","Y","not yet classified"
"57278","Ailanthus altissima","tree-of-heaven","introduced","","","N","not yet classified"
"557458","Allittia cardiocarpa","swamp daisy","native","SPH","Small or prostrate herb","Y","guessed from genus – please check"
"1090357","Allocasuarina grampiana","","native","UTLS","Understorey tree or large shrub","Y","guessed from genus – please check"
"1089545","Allocasuarina mackliniana","western she-oak","native","UTLS","Understorey tree or large shrub","Y","guessed from genus – please check"
"481898","Allocasuarina muelleriana","slaty sheoak","native","UTLS","Understorey tree or large shrub","Y","guessed from genus – please check"
"791150","Allocasuarina paradoxa","Dwarf Sheoak","native","UTLS","Understorey tree or large shrub","Y","guessed from genus – please check"
"334814","Allocasuarina torulosa","Forest sheoak","native","UTLS","Understorey tree or large shrub","Y","guessed from genus – please check"
"323797","Amperea xiphoclada","Broom Spurge","native","","","Y","not yet classified"
"1158180","Amphipogon strictus","","native","","","Y","not yet classified"
"492560","Amyema pendula","drooping mistletoe","native","MIS","Mistletoe","N","guessed from genus – please check"
"1089581","Angianthus preissianus","","native","","","Y","not yet classified"
"83379","Angophora costata","Smooth-barked apple","native","","","Y","not yet classified"
"75457","Anredera cordifolia","Madeira Vine","introduced","","","N","not yet classified"
"484160","Anthosachne scabra","Blue Wheat Grass","native","","","Y","not yet classified"
"323231","Aotus ericoides","Common Aotus","native","","","Y","not yet classified"
"708600","Apodasmia brownii","Coarse Twine-rush","native","","","Y","not yet classified"
"631268","Argentipallium blandowskianum","woolly everlasting","native","","","Y","not yet classified"
"353953","Argentipallium obtusifolium","Blunt everlasting","native","","","Y","not yet classified"
"1138705","Arthropodium fimbriatum","Nodding Chocolate Lily","native","MH","Medium herb","Y","guessed from genus – please check"
"522233","Arthropodium milleflorum","pale vanilla lily","native","MH","Medium herb","Y","guessed from genus – please check"
"323489","Asplenium flabellifolium","Necklace Fern","native","","","Y","not yet classified"
"625511","Asterella drummondii","","native","","","Y","not yet classified"
"60176","Atriplex prostrata","orache","introduced","","","N","not yet classified"
"960427","Austrostipa mollis","soft speargrass","native","","","Y","not yet classified"
"570549","Austrostipa muelleri","wiry spear-grass","native","","","Y","not yet classified"
"399856","Austrostipa scabra","rough speargrass","native","","","Y","not yet classified"
"399865","Azolla rubra","Red Azolla","native","","","Y","not yet classified"
"520366","Baloskion tetraphyllum","tassel cord-rush","native","","","Y","not yet classified"
"709598","Banksia saxicola","Rock Banksia","native","","","Y","not yet classified"
"733159","Bartramia breutelii","","native","","","Y","not yet classified"
"1128106","Bartramia nothostricta","","native","","","Y","not yet classified"
"399952","Bartramia robusta","","native","","","Y","not yet classified"
"523454","Bauera sessiliflora","Grampians Bauera","native","","","Y","not yet classified"
"560124","Billardiera fusiformis","Australian Bluebell","introduced","","","N","not yet classified"
"424084","Billardiera mutabilis","Common Apple-berry","native","","","Y","not yet classified"
"138032","Blechnum minus","Soft Water-fern","native","","","Y","not yet classified"
"138020","Blechnum nudum","Fishbone water-fern","native","","","Y","not yet classified"
"138033","Blechnum wattsii","Hard Water-fern","native","","","Y","not yet classified"
"892245","Boronia latipinna","Grampians boronia","native","","","Y","not yet classified"
"523375","Boronia pilosa","hairy boronia","native","","","Y","not yet classified"
"323802","Bossiaea cinerea","Showy Bossiaea","native","","","Y","not yet classified"
"323803","Bossiaea prostrata","creeping bossiaea","native","","","Y","not yet classified"
"1116421","Bossiaea riparia","River Leafless Bossiaea","native","","","Y","not yet classified"
"1090344","Bossiaea rosmarinifolia","Grampians Bossiaea","native","","","Y","not yet classified"
"323814","Brachyloma ciliatum","fringed daphne-heath","native","SS","Small or prostrate shrub","Y","guessed from genus – please check"
"918246","Brachyloma depressum","Spreading brachyloma","native","SS","Small or prostrate shrub","Y","guessed from genus – please check"
"553373","Brachyscome ciliaris","Variable Daisy","native","","","Y","not yet classified"
"520376","Brachyscome diversifolia","Tall Daisy","native","","","Y","not yet classified"
"560869","Brachyscome multifida","cut-leaved daisy","native","","","Y","not yet classified"
"323109","Brachyscome spathulata","Spoon Daisy","native","","","Y","not yet classified"
"1106897","Braunia imberbis","","native","","","Y","not yet classified"
"1526318","Bryoerythrophyllum dubium","","native","","","Y","not yet classified"
"400138","Bryum blandum","","native","","","Y","not yet classified"
"75919","Bulbine semibarbata","leek lily","native","MH","Medium herb","Y","guessed from genus – please check"
"323895","Caesia parviflora","Pale Grass Lily","native","MH","Medium herb","Y","guessed from genus – please check"
"802784","Caladenia alpina","mountain caladenia","native","","","Y","not yet classified"
"966009","Caladenia ampla","Dainty spider orchid","native","","","Y","not yet classified"
"892098","Caladenia grampiana","Grampians spider orchid","native","","","Y","not yet classified"
"400241","Caladenia iridescens","Bronze caps","native","","","Y","not yet classified"
"553185","Caladenia moschata","Musky Caps","native","","","Y","not yet classified"
"515710","Caladenia transitoria","Eastern Bronzehood Orchid","native","","","Y","not yet classified"
"464078","Caladenia venusta","Large White Spider Orchid","native","","","Y","not yet classified"
"321088","Caleana major","Large Flying Duck Orchid","native","","","Y","not yet classified"
"400260","Caleana minor","Small Duck Orchid","native","","","Y","not yet classified"
"557986","Calectasia intermedia","blue tinsel-lily","native","","","Y","not yet classified"
"339416","Calicotome spinosa","Spiny Broom","introduced","","","N","not yet classified"
"400292","Calochilus paludosus","red beard orchid","native","MH","Medium herb","Y","guessed from genus – please check"
"323953","Calochlaena dubia","Common Ground Fern","native","","","Y","not yet classified"
"1110280","Calomeria amaranthoides","incense plant","native","","","Y","not yet classified"
"1087361","Calotis anthemoides","cut-leaved burr daisy","native","","","Y","not yet classified"
"958748","Calytrix alpestris","snow myrtle","native","MS","Medium shrub","Y","guessed from genus – please check"
"894923","Cardamine lineariloba","","introduced","SPH","Small or prostrate herb","N","guessed from genus – please check"
"323375","Carex appressa","Tall Sedge","native","","","Y","not yet classified"
"884979","Cassinia sifton","Sifton Bush","native","","","Y","not yet classified"
"323804","Cassytha glabella","Slender Devil's Twine","native","","","Y","not yet classified"
"323806","Cassytha pubescens","Downy Dodder-laurel","native","","","Y","not yet classified"
"122207","Caustis flexuosa","Curly Wig","native","","","Y","not yet classified"
"430578","Cenchrus longisetus","feathertop","introduced","","","N","not yet classified"
"61027","Centaurium tenuiflorum","Slender Centaury","introduced","SPH","Small or prostrate herb","N","guessed from genus – please check"
"634407","Centipeda cunninghamii","Common Sneezeweed","native","","","Y","not yet classified"
"323902","Centrolepis aristata","pointed centrolepis","native","","","Y","not yet classified"
"857497","Centrolepis fascicularis","","native","","","Y","not yet classified"
"353856","Centrolepis strigosa","hairy centrolepis","native","","","Y","not yet classified"
"52973","Cerastium glomeratum","Sticky mouse-ear chickweed","introduced","SPH","Small or prostrate herb","N","guessed from genus – please check"
"123117","Ceratodon purpureus","Redshank","native","","","Y","not yet classified"
"1444251","Chara muelleri","","native","","","Y","not yet classified"
"1398822","Chara protocharoides","","native","","","Y","not yet classified"
"514012","Chenopodiastrum murale","nettle-leaved goosefoot","introduced","","","N","not yet classified"
"58127","Chenopodium album","Fat Hen","introduced","","","N","not yet classified"
"467323","Chenopodium nutans","Climbing saltbush","native","","","Y","not yet classified"
"380755","Chiloglottis valida","large bird-orchid","native","","","Y","not yet classified"
"557908","Chrysocephalum baxteri","Fringed Everlasting","native","MH","Medium herb","Y","guessed from genus – please check"
"244465","Chrysocephalum semipapposum","clustered everlasting","native","MH","Medium herb","Y","guessed from genus – please check"
"245753","Cicendia filiformis","yellow centaury","introduced","","","N","not yet classified"
"52989","Cirsium vulgare","Spear Thistle","introduced","","","N","not yet classified"
"210343","Comesperma calymega","Blue Spike Milkwort","native","SCC","Scrambler or climber","Y","guessed from genus – please check"
"913378","Comesperma polygaloides","Small milkwort","native","SCC","Scrambler or climber","Y","guessed from genus – please check"
"565434","Conospermum mitchellii","victorian smoke-bush","native","","","Y","not yet classified"
"323305","Coprosma quadrifida","Prickly Currant-Bush","introduced","MS","Medium shrub","N","guessed from genus – please check"
"560705","Coronidium gunnianum","Pale Swamp Everlasting","native","","","Y","not yet classified"
"353942","Coronidium scorpioides","button everlasting","native","","","Y","not yet classified"
"709667","Correa aemula","Hairy Correa","native","","","Y","not yet classified"
"551504","Correa glabra","rock correa","native","","","Y","not yet classified"
"564052","Correa lawrenceana","","native","","","Y","not yet classified"
"321098","Correa reflexa","","native","","","Y","not yet classified"
"323906","Corybas diemenicus","veined helmet-orchid","native","SPH","Small or prostrate herb","Y","guessed from genus – please check"
"53025","Cotula australis","Common Cotula","native","","","Y","not yet classified"
"570447","Cotula bipinnata","Ferny Buttons","introduced","","","N","not yet classified"
"58812","Cotula coronopifolia","Water Buttons","introduced","","","N","not yet classified"
"560780","Craspedia variabilis","Common Billy buttons","native","","","Y","not yet classified"
"336119","Crassula decumbens","spreading crassula","native","","","Y","not yet classified"
"160961","Crassula sieberiana","Australian Stonecrop","native","","","Y","not yet classified"
"550988","Cryptandra tomentosa","prickly cryptandra","native","","","Y","not yet classified"
"76539","Cucumis myriocarpus","paddy melon","introduced","","","N","not yet classified"
"1428227","Cyanothamnus nanus","","native","","","Y","not yet classified"
"323942","Cyathea australis","rough tree-fern","native","","","Y","not yet classified"
"370165","Cyperus gymnocaulos","Spiny Sedge","native","","","Y","not yet classified"
"161488","Cyperus sanguinolentus","purpleglume flatsedge","native","","","Y","not yet classified"
"76610","Daucus carota","wild carrot","introduced","","","N","not yet classified"
"210346","Daucus glochidiatus","Australian Carrot","native","","","Y","not yet classified"
"551506","Daviesia brevifolia","Leafless Bitter-pea","native","MS","Medium shrub","Y","guessed from genus – please check"
"323818","Daviesia ulicifolia","gorse bitter pea","native","MS","Medium shrub","Y","guessed from genus – please check"
"490886","Dawsonia longiseta","","native","","","Y","not yet classified"
"1007040","Dianella amoena","matted flax-lily","native","MH","Medium herb","Y","guessed from genus – please check"
"369570","Dianella longifolia","Pale Flax-Lily","native","MH","Medium herb","Y","guessed from genus – please check"
"123238","Dianella tasmanica","Tasmanian flax-lily","native","MH","Medium herb","Y","guessed from genus – please check"
"161824","Dichondra repens","kidney weed","native","","","Y","not yet classified"
"409500","Dicranoloma robustum","","native","","","Y","not yet classified"
"782186","Dillwynia cinerascens","grey parrot pea","native","SS","Small or prostrate shrub","Y","guessed from genus – please check"
"323817","Dillwynia glaberrima","Smooth Parrot-pea","native","SS","Small or prostrate shrub","Y","guessed from genus – please check"
"790869","Dillwynia oreodoxa","Grampians Parrot-pea","native","SS","Small or prostrate shrub","Y","guessed from genus – please check"
"323816","Dillwynia sericea","showy parrot-pea","native","SS","Small or prostrate shrub","Y","guessed from genus – please check"
"155224","Dipodium roseum","Rosy Hyacinth Orchid","native","","","Y","not yet classified"
"323910","Distichlis distichophylla","Australian Salt-grass","native","","","Y","not yet classified"
"58822","Dittrichia graveolens","Stinkwort","introduced","","","N","not yet classified"
"83522","Diuris sulphurea","Tiger Orchid","native","MH","Medium herb","Y","guessed from genus – please check"
"1089543","Dodonaea procumbens","Trailing Hop-bush","native","","","Y","not yet classified"
"122711","Dodonaea viscosa","Sticky hop-bush","native","","","Y","not yet classified"
"54684","Drosera binata","Fork-leaved Sundew","native","","","Y","not yet classified"
"143360","Drosera glanduligera","Pimpernel sundew","native","","","Y","not yet classified"
"154709","Drosera hookeri","Grassland Sundew","native","","","Y","not yet classified"
"122209","Drosera pygmaea","pygmy sundew","native","","","Y","not yet classified"
"323434","Drymophila cyanocarpa","Turquoise Berry","native","","","Y","not yet classified"
"786095","Duma florulenta","Tangled Lignum","native","","","Y","not yet classified"
"57723","Echium candicans","Pride of Madeira","introduced","","","N","not yet classified"
"76764","Echium plantagineum","Paterson's curse","introduced","","","N","not yet classified"
"59206","Eleocharis acuta","common spike-rush","native","","","Y","not yet classified"
"54692","Empodisma minus","Wire Rush","native","","","Y","not yet classified"
"59926","Epacris impressa","Common Heath","native","","","Y","not yet classified"
"520365","Epacris obtusifolia","blunt-leaf heath","native","","","Y","not yet classified"
"526671","Eragrostis infecunda","","native","MTG","Medium to tiny tufted graminoid","Y","guessed from genus – please check"
"353883","Eucalyptus baxteri","Brown Stringybark","native","TREE","Canopy tree","N","guessed from genus – please check"
"699299","Eucalyptus bicostata","eurabbie","native","TREE","Canopy tree","N","guessed from genus – please check"
"77089","Eucalyptus cladocalyx","sugar gum","native","TREE","Canopy tree","N","guessed from genus – please check"
"550357","Eucalyptus cosmophylla","cup gum","native","TREE","Canopy tree","N","guessed from genus – please check"
"1089544","Eucalyptus falciformis","Grampians peppermint","native","TREE","Canopy tree","N","guessed from genus – please check"
"208952","Eucalyptus macrorhyncha","Common Red Stringybark","native","TREE","Canopy tree","N","guessed from genus – please check"
"323286","Eucalyptus obliqua","Messmate Stringybark","native","TREE","Canopy tree","N","guessed from genus – please check"
"323789","Eucalyptus ovata","Swamp Gum","native","TREE","Canopy tree","N","guessed from genus – please check"
"208115","Eucalyptus pauciflora","Mount William Snow Gum","native","TREE","Canopy tree","N","guessed from genus – please check"
"208130","Eucalyptus rubida","Candlebark","native","TREE","Canopy tree","N","guessed from genus – please check"
"1075660","Eucalyptus serraensis","Grampians Stringybark","native","TREE","Canopy tree","N","guessed from genus – please check"
"341386","Eucalyptus spathulata","Swamp Mallet","native","TREE","Canopy tree","N","guessed from genus – please check"
"323761","Eucalyptus tricarpa","Southern Red Ironbark","native","TREE","Canopy tree","N","guessed from genus – please check"
"77093","Eucalyptus viminalis","Manna gum","native","TREE","Canopy tree","N","guessed from genus – please check"
"1073279","Eucalyptus yarraensis","Yarra Gum","native","TREE","Canopy tree","N","guessed from genus – please check"
"1472517","Eucalyptus × alpina","","native","TREE","Canopy tree","N","guessed from genus – please check"
"323350","Euphrasia collina","","native","","","Y","not yet classified"
"323475","Eurychorda complanata","","native","","","Y","not yet classified"
"321119","Euryomyrtus ramosissima","Rosy Heath-myrtle","native","","","Y","not yet classified"
"1628703","Falona echinata","Rough Dog's-tail","introduced","","","N","not yet classified"
"1185689","Ficinia marginata","Common Annual Clubrush","introduced","","","N","not yet classified"
"82881","Fraxinus angustifolia","Desert Ash","introduced","","","N","not yet classified"
"714939","Freesia leichtlinii","Ornamental Freesia","introduced","","","N","not yet classified"
"57852","Fumaria capreolata","white-flower fumitory","introduced","","","N","not yet classified"
"120000","Funaria hygrometrica","Bonfire moss","native","","","Y","not yet classified"
"323911","Gahnia filum","chaffy saw-sedge","native","","","Y","not yet classified"
"964960","Gahnia microstachya","","native","","","Y","not yet classified"
"353847","Gahnia sieberiana","Red-fruit Saw-sedge","native","","","Y","not yet classified"
"323444","Gastrodia procera","tall potato orchid","native","","","Y","not yet classified"
"337634","Gastrodia sesamoides","Cinnamon Bells","native","","","Y","not yet classified"
"884843","Gazania rigens","Trailing Treasureflower","introduced","","","N","not yet classified"
"77238","Genista linifolia","needle-leaved broom","introduced","","","N","not yet classified"
"53403","Genista monspessulana","Montpellier broom","introduced","","","N","not yet classified"
"554386","Genoplesium despectans","sharp midge orchid","native","","","Y","not yet classified"
"446738","Genoplesium morrisii","Bearded midge-orchid","native","","","Y","not yet classified"
"281920","Gigaspermum repens","","native","","","Y","not yet classified"
"323510","Gleichenia dicarpa","Pouched Coral-fern","native","","","Y","not yet classified"
"323951","Gleichenia microphylla","scrambling coral-fern","native","","","Y","not yet classified"
"321122","Glycine clandestina","Twining Glycine","native","","","Y","not yet classified"
"541500","Glycine latrobeana","clover glycine","native","","","Y","not yet classified"
"369513","Glycine tabacina","Glycine Pea","native","","","Y","not yet classified"
"603338","Gompholobium ecostatum","Dwarf Wedge-pea","native","","","Y","not yet classified"
"323820","Gompholobium huegelii","Common Wedge-pea","native","","","Y","not yet classified"
"323235","Gonocarpus micranthus","creeping raspwort","native","","","Y","not yet classified"
"421614","Goodenia humilis","swamp Goodenia","native","","","Y","not yet classified"
"323879","Goodenia lanata","trailing Goodenia","native","","","Y","not yet classified"
"323821","Goodenia ovata","hop goodenia","native","","","Y","not yet classified"
"1497018","Goodenia radicans","Selliera","native","","","Y","not yet classified"
"353896","Gratiola peruviana","Austral Brooklime","native","","","Y","not yet classified"
"537924","Grevillea aquifolium","variable prickly grevillea","native","","","Y","not yet classified"
"786444","Grevillea confertifolia","Grampians Grevillea","native","","","Y","not yet classified"
"790433","Grevillea dimorpha","flame Grevillea","native","","","Y","not yet classified"
"1027252","Grevillea montis-cole","","native","","","Y","not yet classified"
"547335","Grevillea rosmarinifolia","rosemary grevillea","native","","","Y","not yet classified"
"123506","Grimmia laevigata","Grimmia Dry Rock Moss","native","","","Y","not yet classified"
"56117","Grimmia pulvinata","Grey-cushioned Grimmia","native","","","Y","not yet classified"
"85478","Gymnoschoenus sphaerocephalus","Button Grass","native","","","Y","not yet classified"
"790622","Hakea repullulans","furze hakea","native","","","Y","not yet classified"
"321139","Hakea teretifolia","Dagger Hakea","native","","","Y","not yet classified"
"552998","Hakea ulicina","Furze Hakea","native","","","Y","not yet classified"
"968940","Haloragis heterophylla","varied raspwort","native","SPH","Small or prostrate herb","Y","guessed from genus – please check"
"353939","Helichrysum leucopsideum","Satin Everlasting","native","","","Y","not yet classified"
"61906","Helminthotheca echioides","bristly oxtongue","introduced","","","N","not yet classified"
"552558","Hibbertia exutiacies","Prickly Guinea-flower","native","SS","Small or prostrate shrub","Y","guessed from genus – please check"
"550552","Hibbertia fasciculata","bundled hibbertia","native","SS","Small or prostrate shrub","Y","guessed from genus – please check"
"323823","Hibbertia prostrata","bundled guinea-flower","native","SS","Small or prostrate shrub","Y","guessed from genus – please check"
"323884","Hibbertia sericea","Silky Guinea-flower","native","SS","Small or prostrate shrub","Y","guessed from genus – please check"
"282481","Histiopteris incisa","bat's wing fern","native","","","Y","not yet classified"
"1243873","Hovea corrickiae","","native","SS","Small or prostrate shrub","Y","guessed from genus – please check"
"791896","Hyalosperma demissum","Moss Sunray","native","SPH","Small or prostrate herb","Y","guessed from genus – please check"
"901018","Hydrocotyle foveolata","","native","SPH","Small or prostrate herb","Y","guessed from genus – please check"
"323478","Hypolaena fastigiata","Tassel Rope-rush","native","","","Y","not yet classified"
"321134","Hypoxis hygrometrica","Golden Weather-grass","native","","","Y","not yet classified"
"164179","Isolepis hystrix","","introduced","","","N","not yet classified"
"77516","Isolepis levynsiana","tiny flat-sedge","introduced","","","N","not yet classified"
"210163","Isotoma fluviatilis","Blue Star Creeper","native","","","Y","not yet classified"
"1157140","Ixia fuscocitrina","Smokygold Kalossie","introduced","MH","Medium herb","N","guessed from genus – please check"
"533318","Ixodia achillaeoides","Fire Daisy","native","","","Y","not yet classified"
"77550","Juncus acutus","spiny rush","native","MTG","Medium to tiny tufted graminoid","Y","guessed from genus – please check"
"323419","Juncus australis","austral rush","native","MTG","Medium to tiny tufted graminoid","Y","guessed from genus – please check"
"60261","Juncus capitatus","dwarf rush","native","MTG","Medium to tiny tufted graminoid","Y","guessed from genus – please check"
"510868","Juncus pallescens","","native","MTG","Medium to tiny tufted graminoid","Y","guessed from genus – please check"
"402875","Juncus sarophorus","Broom Rush","native","MTG","Medium to tiny tufted graminoid","Y","guessed from genus – please check"
"64332","Kickxia elatine","Sharp-leaved Fluellen","introduced","","","N","not yet classified"
"548411","Kunzea parvifolia","Violet Kunzea","native","","","Y","not yet classified"
"288066","Lachnagrostis filiformis","blown grass","native","","","Y","not yet classified"
"1238780","Lagenophora gunniana","coarse bottle-daisy","native","","","Y","not yet classified"
"323152","Lagenophora stipitata","Blue Bottle-daisy","native","","","Y","not yet classified"
"1251114","Lamprothamnium cockajemmyense","","native","","","Y","not yet classified"
"1251115","Lamprothamnium compactum","","native","","","Y","not yet classified"
"1251117","Lamprothamnium diminutum","","native","","","Y","not yet classified"
"1251119","Lamprothamnium heraldii","","native","","","Y","not yet classified"
"61821","Lathyrus tingitanus","Tangier Pea","introduced","","","N","not yet classified"
"323914","Laxmannia orientalis","dwarf wire-lily","native","","","Y","not yet classified"
"321176","Leionema bilobum","","native","","","Y","not yet classified"
"60973","Leontodon saxatilis","Hairy Hawkbit","introduced","","","N","not yet classified"
"323402","Lepidosperma gunnii","","native","","","Y","not yet classified"
"323916","Lepidosperma laterale","variable sword-sedge","native","","","Y","not yet classified"
"708874","Lepidosperma semiteres","Wire rapier-sedge","native","","","Y","not yet classified"
"323479","Leptocarpus tenax","slender twine-rush","native","","","Y","not yet classified"
"323922","Leptoceras menziesii","Rabbit Orchid","native","","","Y","not yet classified"
"923659","Leptomeria aphylla","leafless currant-bush","native","","","Y","not yet classified"
"893946","Leptorhynchos tenuifolius","Wiry Buttons","native","MH","Medium herb","Y","guessed from genus – please check"
"353876","Leptospermum continentale","prickly tea-tree","native","","","Y","not yet classified"
"54699","Leptospermum scoparium","Tea Tree","native","","","Y","not yet classified"
"451070","Leptospermum turbinatum","shiny tea-tree","native","","","Y","not yet classified"
"403361","Leptostomum inclinans","Pincushion Moss","native","","","Y","not yet classified"
"1251919","Lepyrodia flexuosa","","native","","","Y","not yet classified"
"409240","Lethocolea pansa","","native","","","Y","not yet classified"
"209392","Leucochrysum albicans","hoary sunray","native","","","Y","not yet classified"
"55809","Leucojum aestivum","snowflake","introduced","","","N","not yet classified"
"717187","Leucopogon glacialis","twisted beard-heath","native","SS","Small or prostrate shrub","Y","guessed from genus – please check"
"892244","Leucopogon neurophyllus","veined beard-heath","native","SS","Small or prostrate shrub","Y","guessed from genus – please check"
"956563","Leucopogon thymifolius","Thyme beard-heath","native","SS","Small or prostrate shrub","Y","guessed from genus – please check"
"123191","Levenhookia dubia","Hairy Stylewort","native","","","Y","not yet classified"
"324191","Linaria pelisseriana","Jersey toadflax","introduced","","","N","not yet classified"
"323952","Lindsaea linearis","Screw Fern","native","","","Y","not yet classified"
"223938","Liriope muscari","Liriope","introduced","","","N","not yet classified"
"323155","Lobelia gibbosa","tall lobelia","native","","","Y","not yet classified"
"603241","Lobelia pratioides","Poison Lobelia","native","","","Y","not yet classified"
"787721","Lobelia rhombifolia","tufted lobelia","native","","","Y","not yet classified"
"353962","Lomandra filiformis","wattle mat-rush","native","MTG","Medium to tiny tufted graminoid","Y","guessed from genus – please check"
"83375","Lomandra longifolia","Spiny-headed Mat-rush","native","MTG","Medium to tiny tufted graminoid","Y","guessed from genus – please check"
"511222","Lomandra micrantha","Small-flowered Matrush","native","MTG","Medium to tiny tufted graminoid","Y","guessed from genus – please check"
"353960","Lomandra multiflora","many-flowered matrush","native","MTG","Medium to tiny tufted graminoid","Y","guessed from genus – please check"
"527589","Lomandra sororia","sword mat-rush","native","MTG","Medium to tiny tufted graminoid","Y","guessed from genus – please check"
"323425","Luzula meridionalis","Common Wood-rush","native","","","Y","not yet classified"
"366753","Lycopodium deuterodensum","Bushy Clubmoss","native","","","Y","not yet classified"
"58934","Lythrum hyssopifolia","Hyssop Loosestrife","native","","","Y","not yet classified"
"516891","Marianthus bignoniaceus","Orange Bell-climber","native","","","Y","not yet classified"
"323997","Melaleuca armillaris","Bracelet Honey-myrtle","native","","","Y","not yet classified"
"431304","Melaleuca decussata","Totem-poles","native","","","Y","not yet classified"
"465912","Melaleuca lanceolata","Moonah","native","","","Y","not yet classified"
"589725","Melaleuca rugulosa","Scarlet Bottlebrush","native","","","Y","not yet classified"
"323295","Melaleuca squamea","swamp honey-myrtle","native","","","Y","not yet classified"
"135412","Melaleuca styphelioides","Prickly-leaved Paperbark","native","","","Y","not yet classified"
"537927","Melicytus dentatus","tree violet","native","","","Y","not yet classified"
"57116","Mentha pulegium","Pennyroyal","introduced","","","N","not yet classified"
"559367","Microlaena stipoides","Weeping-grass","native","","","Y","not yet classified"
"479890","Micromyrtus ciliata","Fringed heath myrtle","native","","","Y","not yet classified"
"403938","Microtis parviflora","slender onion-orchid","native","MH","Medium herb","Y","guessed from genus – please check"
"323836","Millotia muelleri","Common Bow-flower","native","SPH","Small or prostrate herb","Y","guessed from genus – please check"
"323837","Mitrasacme pilosa","hairy mitrewort","native","","","Y","not yet classified"
"78088","Moenchia erecta","Upright Chickweed","introduced","","","N","not yet classified"
"323189","Monotoca scoparia","Prickly Broom-heath","native","","","Y","not yet classified"
"410942","Montia australasica","White Purslane","native","","","Y","not yet classified"
"120416","Moraea flaccida","One-leaf Cape Tulip","introduced","","","N","not yet classified"
"1340705","Myriophyllum integrifolium","","native","AQ","Aquatic herb","Y","guessed from genus – please check"
"407592","Myriophyllum simulans","","native","AQ","Aquatic herb","Y","guessed from genus – please check"
"590726","Oenothera lindheimeri","clockweed","introduced","","","N","not yet classified"
"78249","Oenothera stricta","common evening primrose","introduced","","","N","not yet classified"
"607267","Olearia asterotricha","","native","","","Y","not yet classified"
"790933","Olearia ciliata","Fringed Daisy Bush","native","","","Y","not yet classified"
"323133","Olearia erubescens","Pink-tip Daisy-bush","native","","","Y","not yet classified"
"465914","Olearia ramulosa","Twiggy Daisy-Bush","native","","","Y","not yet classified"
"1084251","Olearia speciosa","","native","","","Y","not yet classified"
"956297","Opercularia scabrida","rough stinkweed","native","","","Y","not yet classified"
"323851","Opercularia varia","variable stinkweed","native","","","Y","not yet classified"
"137254","Ophioglossum lusitanicum","Austral adder's-tongue","native","","","Y","not yet classified"
"855356","Ornduffia reniformis","","native","","","Y","not yet classified"
"855355","Ornduffia umbricola","","native","","","Y","not yet classified"
"55664","Orthoceras strictum","Birds mouth orchid","native","","","Y","not yet classified"
"404420","Osteospermum moniliferum","Boneseed","introduced","","","N","not yet classified"
"61776","Oxalis incarnata","Pale pink-sorrel","native","SPH","Small or prostrate herb","Y","guessed from genus – please check"
"53169","Oxalis pes-caprae","Soursob","native","SPH","Small or prostrate herb","Y","guessed from genus – please check"
"78301","Oxalis purpurea","Purple woodsorrel","native","SPH","Small or prostrate herb","Y","guessed from genus – please check"
"353934","Ozothamnus ferrugineus","Tree Everlasting","native","","","Y","not yet classified"
"1678990","Parakeelya calyptrata","Pink Purslane","native","","","Y","not yet classified"
"69923","Parentucellia latifolia","red bartsia","introduced","","","N","not yet classified"
"320851","Patersonia fragilis","Short Purple-flag","native","","","Y","not yet classified"
"145396","Patersonia occidentalis","Purple Flag","native","","","Y","not yet classified"
"323850","Pelargonium australe","Austral Stork's-bill","native","MH","Medium herb","Y","guessed from genus – please check"
"323847","Persoonia juniperina","Prickly Geebung","native","","","Y","not yet classified"
"911842","Persoonia rigida","Hairy Geebung","native","","","Y","not yet classified"
"57191","Phalaris canariensis","canary grass","introduced","LTG","Large tufted graminoid","N","guessed from genus – please check"
"64237","Phragmites australis","common reed","native","","","Y","not yet classified"
"1348451","Phyllangium distylis","","native","","","Y","not yet classified"
"353885","Phyllanthus hirtellus","Thyme Spurge","native","","","Y","not yet classified"
"552999","Pimelea flava","Yellow Rice-flower","native","SS","Small or prostrate shrub","Y","guessed from genus – please check"
"323852","Pimelea glauca","smooth riceflower","native","SS","Small or prostrate shrub","Y","guessed from genus – please check"
"321037","Pimelea linifolia","slender rice flower","native","SS","Small or prostrate shrub","Y","guessed from genus – please check"
"564889","Pimelea octophylla","Woolly Rice-flower","native","SS","Small or prostrate shrub","Y","guessed from genus – please check"
"565104","Pimelea phylicoides","heath riceflower","native","SS","Small or prostrate shrub","Y","guessed from genus – please check"
"1084244","Pimelea spinescens","Spiny Rice-Flower","native","SS","Small or prostrate shrub","Y","guessed from genus – please check"
"51594","Pittosporum undulatum","Sweet Pittosporum","native","","","Y","not yet classified"
"404945","Plagiochila strombifolia","","native","","","Y","not yet classified"
"58960","Plantago coronopus","Buck's-horn Plantain","introduced","","","N","not yet classified"
"404986","Plantago varia","Variable Plantain","native","","","Y","not yet classified"
"321207","Platysace lanceolata","Shrubby Platysace","native","SPH","Small or prostrate herb","Y","guessed from genus – please check"
"58382","Poa bulbosa","Bulbous Bluegrass","introduced","","","N","not yet classified"
"323470","Poa labillardierei","river tussock grass","native","","","Y","not yet classified"
"827895","Podolepis decipiens","Common Podolepis","native","MH","Medium herb","Y","guessed from genus – please check"
"577914","Podolepis jaceoides","Showy Copper-wire Daisy","native","MH","Medium herb","Y","guessed from genus – please check"
"57197","Polypogon monspeliensis","rabbitfoot grass","introduced","","","N","not yet classified"
"167286","Polytrichastrum alpinum","Alpine Haircap Moss","native","","","Y","not yet classified"
"893151","Pomaderris elachophylla","","native","","","Y","not yet classified"
"210166","Poranthera microphylla","Small Poranthera","native","","","Y","not yet classified"
"347396","Potamogeton cheesemanii","Red Pondweed","native","","","Y","not yet classified"
"323927","Prasophyllum elatum","Tall Leek Orchid","native","MH","Medium herb","Y","guessed from genus – please check"
"559125","Prasophyllum lindleyanum","Green leek orchid","native","MH","Medium herb","Y","guessed from genus – please check"
"155196","Prostanthera lasianthos","Christmas Bush","native","","","Y","not yet classified"
"516640","Prostanthera rotundifolia","Roundleaf mintbush","native","","","Y","not yet classified"
"194768","Pteridium esculentum","Austral Bracken","native","","","Y","not yet classified"
"516882","Pterostylis alpina","mountain greenhood","native","","","Y","not yet classified"
"323939","Pterostylis cycnocephala","swan greenhood","native","","","Y","not yet classified"
"1108271","Pterostylis diminuta","","native","","","Y","not yet classified"
"1469373","Pterostylis extensa","","native","","","Y","not yet classified"
"805401","Pterostylis macilenta","","native","","","Y","not yet classified"
"323926","Pterostylis plumosa","bearded greenhood","native","","","Y","not yet classified"
"876916","Pterostylis robusta","large striped greenhood","native","","","Y","not yet classified"
"629256","Pterostylis rubescens","blushing tiny greenhood","native","","","Y","not yet classified"
"973208","Ptilotus erubescens","hairy heads","native","","","Y","not yet classified"
"551686","Ptilotus macrocephalus","green mulla mulla","native","","","Y","not yet classified"
"1121982","Ptychostomum capillare","Capillary Thread-moss","native","","","Y","not yet classified"
"1092452","Pultenaea benthamii","bentham's bush-pea","native","","","Y","not yet classified"
"321215","Pultenaea daphnoides","Large-leaf Bush Pea","native","","","Y","not yet classified"
"323857","Pultenaea dentata","clustered bush-pea","native","","","Y","not yet classified"
"904718","Pultenaea humilis","dwarf bush-pea","native","","","Y","not yet classified"
"143933","Pultenaea juniperina","prickly beauty","native","","","Y","not yet classified"
"568091","Pultenaea laxiflora","loose-flower bush-pea","native","","","Y","not yet classified"
"894246","Pultenaea mollis","soft bush-pea","native","","","Y","not yet classified"
"328041","Pultenaea scabra","Rough Bush-pea","native","","","Y","not yet classified"
"1092453","Pultenaea subalpina","rosy bush-pea","native","","","Y","not yet classified"
"511260","Quinetia urvillei","","native","","","Y","not yet classified"
"273660","Racomitrium crispulum","","native","","","Y","not yet classified"
"353823","Ranunculus inundatus","river buttercup","native","","","Y","not yet classified"
"369571","Ranunculus lappaceus","Australian Buttercup","native","","","Y","not yet classified"
"281961","Rhacocarpus purpurascens","Royal Rock Moss","native","","","Y","not yet classified"
"353970","Rhytidosporum procumbens","white marianth","native","","","Y","not yet classified"
"405726","Romulea minutiflora","Small-flowered onion grass","introduced","SPH","Small or prostrate herb","N","guessed from genus – please check"
"78886","Rosa rubiginosa","Sweet-brier","introduced","","","N","not yet classified"
"784791","Rosulabryum campylothecium","","native","","","Y","not yet classified"
"1039145","Rumex bidens","mud dock","introduced","SPH","Small or prostrate herb","N","guessed from genus – please check"
"369722","Rumex brownii","Slender Dock","introduced","SPH","Small or prostrate herb","N","guessed from genus – please check"
"53197","Rumex crispus","curled dock","introduced","SPH","Small or prostrate herb","N","guessed from genus – please check"
"1039146","Rumex dumosus","","introduced","SPH","Small or prostrate herb","N","guessed from genus – please check"
"1255168","Rutidosis leptorrhynchoides","button wrinklewort","native","","","Y","not yet classified"
"78918","Rytidosperma caespitosum","Common Wallaby-grass","native","MTG","Medium to tiny tufted graminoid","Y","guessed from genus – please check"
"405779","Rytidosperma geniculatum","Kneed Wallaby-grass","native","MTG","Medium to tiny tufted graminoid","Y","guessed from genus – please check"
"553265","Rytidosperma pallidum","red-anther wallaby grass","native","MTG","Medium to tiny tufted graminoid","Y","guessed from genus – please check"
"323903","Rytidosperma setaceum","Bristly Wallaby-grass","native","MTG","Medium to tiny tufted graminoid","Y","guessed from genus – please check"
"792835","Salicornia quinqueflora","Beaded Samphire","native","","","Y","not yet classified"
"58316","Salix babylonica","weeping willow","introduced","","","N","not yet classified"
"323870","Samolus repens","Creeping Brookweed","native","","","Y","not yet classified"
"405884","Schizaea bifida","Forked Comb Fern","native","","","Y","not yet classified"
"960409","Schoenus breviculmis","matted bog-rush","native","MTG","Medium to tiny tufted graminoid","Y","guessed from genus – please check"
"244096","Scilla peruviana","Portuguese squill","introduced","","","N","not yet classified"
"137058","Selaginella uliginosa","Swamp Spikemoss","native","","","Y","not yet classified"
"60981","Senecio glomeratus","Cutleaf burnweed","native","","","Y","not yet classified"
"792594","Senecio phelleus","Rock Fireweed","native","","","Y","not yet classified"
"243556","Siloxerus multiflorus","small wrinklewort","native","","","Y","not yet classified"
"372376","Sixalix atropurpurea","Sweet scabious","introduced","","","N","not yet classified"
"328092","Solanum laciniatum","kangaroo-apple","native","","","Y","not yet classified"
"79141","Solanum nigrum","black nightshade","introduced","","","N","not yet classified"
"210170","Solenogyne dominii","Smooth Solenogyne","native","","","Y","not yet classified"
"60150","Soliva sessilis","common soliva","introduced","","","N","not yet classified"
"50843","Sparaxis tricolor","Harlequin flower","introduced","","","N","not yet classified"
"323866","Sphaerolobium minus","globe-pea","native","","","Y","not yet classified"
"323196","Sprengelia incarnata","Pink Swamp Heath","native","","","Y","not yet classified"
"516890","Spyridium parvifolium","Australian dusty miller","native","","","Y","not yet classified"
"560025","Stackhousia aspericocca","Bushy Candles","native","","","Y","not yet classified"
"417781","Stackhousia viminea","Yellow Stackhousia","native","","","Y","not yet classified"
"958928","Stellaria angustifolia","swamp starwort","native","","","Y","not yet classified"
"417689","Stellaria flaccida","Forest Starwort","native","","","Y","not yet classified"
"210160","Stellaria pungens","prickly starwort","native","","","Y","not yet classified"
"1391985","Stenanthera pinifolia","pine heath","native","SS","Small or prostrate shrub","Y","guessed from genus – please check"
"406368","Stuartina muelleri","Spoon Leaved Cudweed","native","","","Y","not yet classified"
"64239","Stuckenia pectinata","Fennel-leaf Pondweed","native","","","Y","not yet classified"
"342322","Stylidium armeria","Thrift-leaved Triggerplant","native","","","Y","not yet classified"
"145685","Stylidium despectum","Small Triggerplant","native","","","Y","not yet classified"
"145695","Stylidium ecorne","Foot Triggerplant","native","","","Y","not yet classified"
"145703","Stylidium graminifolium","Grass Triggerplant","native","","","Y","not yet classified"
"323894","Stylidium perpusillum","Tiny Triggerplant","native","","","Y","not yet classified"
"145542","Stylidium soboliferum","Grampians Triggerplant","native","","","Y","not yet classified"
"353957","Stypandra glauca","nodding blue lily","native","","","Y","not yet classified"
"155963","Styphelia adscendens","Golden Heath","native","SS","Small or prostrate shrub","Y","guessed from genus – please check"
"1399665","Styphelia ericoides","Bearded Heath","native","SS","Small or prostrate shrub","Y","guessed from genus – please check"
"1374978","Styphelia rufa","ruddy bearded-heath","native","SS","Small or prostrate shrub","Y","guessed from genus – please check"
"169489","Symphyotrichum squamatum","saltmarsh aster","introduced","","","N","not yet classified"
"1010899","Syzygiella colorata","","native","","","Y","not yet classified"
"323362","Tasmannia lanceolata","Mountain Pepper","native","","","Y","not yet classified"
"286772","Tecomaria capensis","Cape Honeysuckle","introduced","","","N","not yet classified"
"802795","Tetrarrhena distichophylla","","native","","","Y","not yet classified"
"423671","Thelionema caespitosum","Tufted Blue Lily","native","","","Y","not yet classified"
"958338","Thelymitra arenaria","forest sun orchid","native","MH","Medium herb","Y","guessed from genus – please check"
"520289","Thelymitra benthamiana","blotched sun-orchid","native","MH","Medium herb","Y","guessed from genus – please check"
"323933","Thelymitra flexuosa","twisted sun-orchid","native","MH","Medium herb","Y","guessed from genus – please check"
"963499","Thelymitra gregaria","Clumping sun orchid","native","MH","Medium herb","Y","guessed from genus – please check"
"406521","Thelymitra juncifolia","large-spotted sun orchid","native","MH","Medium herb","Y","guessed from genus – please check"
"406514","Thelymitra pauciflora","slender sun-orchid","native","MH","Medium herb","Y","guessed from genus – please check"
"806560","Thelymitra × truncata","truncate sun orchid","native","MH","Medium herb","Y","guessed from genus – please check"
"431686","Thryptomene calycina","Grampians heath myrtle","native","","","Y","not yet classified"
"1432679","Thynninorchis huntiana","elbow orchid","native","","","Y","not yet classified"
"472208","Thyridia repens","creeping monkey-flower","native","","","Y","not yet classified"
"863562","Thysanotus racemoides","rush fringe-lily","native","SCC","Scrambler or climber","Y","guessed from genus – please check"
"122043","Thysanotus tuberosus","Common Fringe-lily","native","SCC","Scrambler or climber","Y","guessed from genus – please check"
"323949","Todea barbara","king fern","native","","","Y","not yet classified"
"53313","Trifolium dubium","Lesser hop trefoil","introduced","SPH","Small or prostrate herb","N","guessed from genus – please check"
"61021","Trifolium glomeratum","Clustered clover","introduced","SPH","Small or prostrate herb","N","guessed from genus – please check"
"79434","Trifolium vessiculosum","arrowleaf clover","introduced","SPH","Small or prostrate herb","N","guessed from genus – please check"
"79438","Triglochin striata","Three-ribbed Arrowgrass","native","","","Y","not yet classified"
"210155","Triptilodiscus pygmaeus","Common Sunray","native","","","Y","not yet classified"
"353829","Triquetrella papillata","","native","","","Y","not yet classified"
"51751","Ulex europaeus","gorse","introduced","","","N","not yet classified"
"53315","Urtica urens","Dwarf Nettle","introduced","","","N","not yet classified"
"602497","Utricularia barkeri","Bill's Fairy Apron","native","","","Y","not yet classified"
"508359","Utricularia beaugleholei","","native","","","Y","not yet classified"
"123241","Utricularia dichotoma","fairy aprons","native","","","Y","not yet classified"
"508361","Utricularia grampiana","","native","","","Y","not yet classified"
"508360","Utricularia tenella","Pink Bladderwort","native","","","Y","not yet classified"
"353929","Vellereophyton dealbatum","White Cudweed","introduced","","","N","not yet classified"
"64130","Verbascum virgatum","Wand Mullein","introduced","","","N","not yet classified"
"568774","Veronica calycina","hairy speedwell","native","","","Y","not yet classified"
"804469","Veronica gracilis","Slender Speedwell","native","","","Y","not yet classified"
"859842","Veronica grosseserrata","","native","","","Y","not yet classified"
"53326","Vinca major","blue periwinkle","introduced","","","N","not yet classified"
"210157","Viola betonicifolia","native violet","native","","","Y","not yet classified"
"566603","Viola cleistogamoides","Hidden Violet","native","","","Y","not yet classified"
"602954","Viola eminens","Stately Violet","native","","","Y","not yet classified"
"321186","Viola hederacea","Ivy Leaved Violet","native","","","Y","not yet classified"
"320847","Viola sieberiana","Tiny violet","native","","","Y","not yet classified"
"321055","Wahlenbergia gracilis","Australian Bluebell","native","MH","Medium herb","Y","guessed from genus – please check"
"481935","Wahlenbergia luteola","Yellow-Wash Bluebell","native","MH","Medium herb","Y","guessed from genus – please check"
"79523","Watsonia meriana","Bulbil Bugle-lily","introduced","","","N","not yet classified"
"883292","Wilsonia humilis","Silky Wilsonia","native","","","Y","not yet classified"
"555429","Wilsonia rotundifolia","Round-leaf Wilsonia","native","","","Y","not yet classified"
"957318","Wurmbea uniflora","","native","SPH","Small or prostrate herb","Y","guessed from genus – please check"
"83580","Xanthorrhoea glauca","","native","LTG","Large tufted graminoid","Y","guessed from genus – please check"
"560378","Xanthorrhoea minor","Small Grass-tree","native","LTG","Large tufted graminoid","Y","guessed from genus – please check"
"121652","Xanthosia dissecta","Cut-leaved Xanthosia","native","","","Y","not yet classified"
"353968","Xanthosia tasmanica","southern xanthosia","native","","","Y","not yet classified"
"566585","Zaluzianskya divaricata","Yellow Drumsticks","introduced","","","N","not yet classified"
